graph,num_parts,partitioning_time
ogbn-arxiv,2,0.357
ogbn-arxiv,4,0.385
ogbn-arxiv,8,0.385
ogbn-arxiv,16,0.485
ogbn-arxiv,32,0.697
ogbn-products,2,20.03
ogbn-products,4,21.634
ogbn-products,8,23.041
ogbn-products,16,22.617
ogbn-products,32,23.729
reddit,2,15.759
reddit,4,16.037
reddit,8,16.854
reddit,16,17.46
reddit,32,20.37
ogbn-papers100M,2,1111.119
ogbn-papers100M,4,1262.093
ogbn-papers100M,8,1494.134
ogbn-papers100M,16,1548.975
ogbn-papers100M,32,1892.57
ogbl-citation2,2,13.063
ogbl-citation2,4,14.192
ogbl-citation2,8,14.69
ogbl-citation2,16,15.35
ogbl-citation2,32,16.783
