graph,cuttana,num_parts,partitioning_time
ogbn-arxiv,cuttana,2,0.438
ogbn-arxiv,cuttana,4,0.465
ogbn-arxiv,cuttana,8,0.495
ogbn-arxiv,cuttana,16,0.587
ogbn-arxiv,cuttana,32,0.824
ogbn-products,cuttana,2,54.425
ogbn-products,cuttana,4,54.421
ogbn-products,cuttana,8,55.066
ogbn-products,cuttana,16,54.685
ogbn-products,cuttana,32,54.662
reddit,cuttana,2,25.956
reddit,cuttana,4,25.906
reddit,cuttana,8,26.164
reddit,cuttana,16,26.317
reddit,cuttana,32,27.528
ogbn-papers100M,cuttana,2,231.612
ogbn-papers100M,cuttana,4,232.149
ogbn-papers100M,cuttana,8,228.632
ogbn-papers100M,cuttana,16,240.525
ogbn-papers100M,cuttana,32,616.813
